_step,test/achieved_goal,test/action,test/done,test/desired_goal,test/observations,test/causal_embedding,test/env_info,_runtime,test/reward,test/episode,global_step,_timestamp,test/steps
0,"[0.5842756628990173, -0.1284683793783188, 0.028339795768260956]","[-0.5066657066345215, -0.40087568759918213, -0.30320531129837036, 0.5154100656509399]",False,"[0.6000000238418579, 0.019999999552965164, 0.029999999329447746]","[[0.612672746181488, -0.02021883614361286, 0.1819399744272232, 0.07999709993600845, 0.5842756628990173, -0.1284683793783188, 0.028339795768260956, 0.0834389477968216, -0.062212031334638596, 0.07638156414031982]]","[0.17046460509300232, 0.02303852140903473, 0.3227945566177368, 0.1159282773733139, 0.26311761140823364, 0.1455909162759781]","[1, 1]",22.404065256,-0.1493079662322998,0,0,1745573288.4512513,0
1,"[0.5842658877372742, -0.12853768467903137, 0.02835906110703945]","[0.05099129676818848, -0.9573251605033875, -0.9384368658065796, 0.6011654138565063]",False,"[0.6000000238418579, 0.019999999552965164, 0.029999999329447746]","[[0.6148979067802429, -0.06780558079481125, 0.13467170298099518, 0.07999776303768158, 0.5842658877372742, -0.12853768467903137, 0.02835906110703945, 0.08434496819972992, -0.06191793456673622, 0.07581514865159988]]","[0.2150888741016388, 0.30285370349884033, -0.013554982841014862, -0.11479850858449936, 0.1906813532114029, -0.1454913169145584]","[1, 1]",25.3689625,-0.149377703666687,0,1,1745573291.6549966,1
2,"[0.5842766761779785, -0.12819530069828033, 0.02898334339261055]","[-0.2998839020729065, -0.9318906664848328, -0.9108142852783203, 0.8083579540252686]",False,"[0.6000000238418579, 0.019999999552965164, 0.029999999329447746]","[[0.5999008417129517, -0.11413419991731644, 0.089154914021492, 0.07999972999095917, 0.5842766761779785, -0.12819530069828033, 0.02898334339261055, 0.08354818820953369, -0.06078648939728737, 0.07526350766420364]]","[0.2328566014766693, 0.1823716014623642, 0.0015743076801300049, -0.09374706447124481, 0.15974047780036926, -0.0920315757393837]","[1, 1]",28.704806476999998,-0.14903055131435394,0,2,1745573294.6198792,2
3,"[0.5841235518455505, -0.1285291165113449, 0.028112394735217094]","[0.42945337295532227, -0.42739808559417725, -0.9686678051948547, 0.400790810585022]",False,"[0.6000000238418579, 0.019999999552965164, 0.029999999329447746]","[[0.6212143301963806, -0.13511040806770325, 0.04062925651669502, 0.0800003856420517, 0.5841235518455505, -0.1285291165113449, 0.028112394735217094, 0.08388657867908478, -0.06331686675548553, 0.07606038451194763]]","[0.3666948676109314, 0.1473545879125595, 0.023583069443702698, -0.19244806468486786, 0.046292465180158615, -0.28860634565353394]","[1, 1]",31.952846791,-0.1493871659040451,0,3,1745573297.9553673,3
4,"[0.584269642829895, -0.12830409407615662, 0.028215328231453896]","[-0.2189931869506836, 0.5480862855911255, 0.28829073905944824, -0.44233232736587524]",False,"[0.6000000238418579, 0.019999999552965164, 0.029999999329447746]","[[0.6097245216369629, -0.10772395133972168, 0.054105471819639206, 0.064000703394413, 0.584269642829895, -0.12830409407615662, 0.028215328231453896, 0.0833287313580513, -0.06216263771057129, 0.07568024843931198]]","[0.02425023913383484, 0.04646526277065277, 0.23282429575920105, 0.19994746148586273, -0.4357061982154846, -0.23913325369358063]","[1, 1]",38.956737361,-0.1491466909646988,0,4,1745573301.20375,4
5,"[0.5759931802749634, -0.10823161154985428, 0.03534689545631409]","[-0.2189931869506836, 0.5480862855911255, 0.28829073905944824, -0.44233232736587524]",True,"[0.6000000238418579, 0.019999999552965164, 0.029999999329447746]","[[0.5994645953178406, 0.019751066341996193, 0.058994270861148834, 0.07998265326023102, 0.5759931802749634, -0.10823161154985428, 0.03534689545631409, 0.0896918773651123, -0.38862350583076477, -0.0030513948295265436]]","[0.03896528482437134, 0.1636585146188736, 0.36379820108413696, 0.19218479096889496, -0.4139591157436371, -0.1231420710682869]","[1, 1]",51.903581045,-0.1305689960718155,0,5,1745573308.207722,5
6,"[0.5973517298698425, 0.01776622049510479, 0.02966383658349514]","[-0.4299775958061218, 0.45159220695495605, -0.7767806649208069, 0.7903742790222168]",False,"[0.6000000238418579, 0.019999999552965164, 0.029999999329447746]","[[0.6165130734443665, 0.022638438269495964, 0.15841394662857056, 0.07999709993600845, 0.5973517298698425, 0.01776622049510479, 0.02966383658349514, 0.08101516962051392, -0.041099365800619125, -0.1262204498052597]]","[0.22812649607658386, 0.019738689064979553, -0.05876937508583069, 0.13937251269817352, 0.00046800076961517334, -0.011495895683765411]","[1, 1]",54.900414679,-0.0034808204509317875,1,6,1745573321.1544998,0
7,"[0.5979229211807251, 0.019887076690793037, 0.030661145225167274]","[0.10611152648925781, -0.21713519096374512, -0.9386487007141113, 0.6162019968032837]",False,"[0.6000000238418579, 0.019999999552965164, 0.029999999329447746]","[[0.6214950680732727, 0.011978949420154095, 0.1112251877784729, 0.07999841868877411, 0.5979229211807251, 0.019887076690793037, 0.030661145225167274, 0.08487649261951447, -0.0395200178027153, -0.12936100363731384]]","[0.0683736801147461, 0.14088867604732513, -0.03244037181138992, -0.04014571011066437, 0.13691727817058563, -0.016119293868541718]","[1, 1]",57.980331757,-0.0021826867014169693,1,7,1745573324.1513162,1
8,"[0.596596360206604, 0.01695198193192482, 0.02876753732562065]","[-0.09470242261886597, -0.0970107913017273, -0.969111442565918, 0.44105565547943115]",False,"[0.6000000238418579, 0.019999999552965164, 0.029999999329447746]","[[0.6167316436767578, 0.007382705807685852, 0.0628310889005661, 0.07999972999095917, 0.596596360206604, 0.01695198193192482, 0.02876753732562065, 0.07986867427825928, -0.042222730815410614, -0.1249723732471466]]","[0.010609779506921768, 0.039632707834243774, -0.1185164824128151, -0.040555909276008606, 0.02699749916791916, 0.0017664320766925812]","[1, 1]",60.948021854,-0.004732245113700628,1,8,1745573327.2312284,2
9,"[0.5649856328964233, -0.14311262965202332, 0.028059184551239014]","[0.010609745979309082, -0.8123590350151062, -0.5528355836868286, -0.0047994256019592285]",False,"[0.6000000238418579, 0.019999999552965164, 0.029999999329447746]","[[0.6170169115066528, -0.032963354140520096, 0.03509894758462906, 0.07904230803251266, 0.5649856328964233, -0.14311262965202332, 0.028059184551239014, 0.10884983092546463, -0.07301770895719528, -0.00492723798379302]]","[-0.11024891585111618, 0.04370735585689545, 0.2868693768978119, 0.09362081438302994, 0.23907050490379333, -0.012347833253443241]","[1, 1]",64.08796574,-0.16683974862098694,1,9,1745573330.1989803,3
10,"[0.565229058265686, -0.1430472731590271, 0.028196271508932114]","[0.5345733165740967, 0.9375617504119873, 0.9767131805419922, 0.8741433620452881]",False,"[0.6000000238418579, 0.019999999552965164, 0.029999999329447746]","[[0.6433056592941284, 0.013734972104430199, 0.08331263810396194, 0.07999709993600845, 0.565229058265686, -0.1430472731590271, 0.028196271508932114, 0.10790453851222992, -0.0725516527891159, -0.0036500031128525734]]","[-0.025887440890073776, -0.6643890738487244, 0.1873723566532135, 0.22680114209651947, -0.03553169220685959, 0.10155816376209259]","[1, 1]",67.203683166,-0.16672338545322418,1,10,1745573333.3388524,4
11,"[0.5649194717407227, -0.1426868587732315, 0.02811204269528389]","[-0.6935086250305176, -0.9244856834411621, 0.6066082715988159, 0.4854933023452759]",False,"[0.6000000238418579, 0.019999999552965164, 0.029999999329447746]","[[0.6083685159683228, -0.03227279707789421, 0.1128472089767456, 0.07999841868877411, 0.5649194717407227, -0.1426868587732315, 0.02811204269528389, 0.0931098461151123, -0.07214496284723282, -0.009186257608234882]]","[-0.29009413719177246, -0.46835845708847046, 0.18393896520137787, 0.025979693979024887, 0.18684379756450653, 0.25527453422546387]","[1, 1]",70.312284124,-0.1664368361234665,1,11,1745573336.4545732,5
12,"[0.5654979944229126, -0.14208772778511047, 0.026488684117794037]","[-0.7203972339630127, -0.9821513891220093, -0.1995631456375122, 0.6133263111114502]",False,"[0.6000000238418579, 0.019999999552965164, 0.029999999329447746]","[[0.5721007585525513, -0.08103617280721664, 0.10220134258270264, 0.07999907433986664, 0.5654979944229126, -0.14208772778511047, 0.026488684117794037, 0.09033064544200897, -0.0678594559431076, -0.00948676373809576]]","[-0.16220751404762268, -0.28843969106674194, 0.08943013101816177, 0.0732283741235733, 0.08745831251144409, 0.08815717697143555]","[1, 1]",73.267975712,-0.16575630009174347,1,12,1745573339.563194,6
13,"[0.5655262470245361, -0.14197196066379547, 0.028361864387989044]","[-0.30192089080810547, -0.9697624444961548, -0.4991445541381836, 0.645510196685791]",False,"[0.6000000238418579, 0.019999999552965164, 0.029999999329447746]","[[0.5570344924926758, -0.12929919362068176, 0.07724839448928833, 0.0800003856420517, 0.5655262470245361, -0.14197196066379547, 0.028361864387989044, 0.08716855198144913, -0.05990450456738472, -0.011200792156159878]]","[0.04229147359728813, -0.21663519740104675, 0.201922208070755, 0.2119423896074295, 0.0380680076777935, 0.18916648626327515]","[1, 1]",76.164299833,-0.16560809314250946,1,13,1745573342.5185578,7
14,"[0.5648854374885559, -0.14332522451877594, 0.02776937372982502]","[0.4502173662185669, -0.4594501256942749, -0.9512364864349365, 0.26078128814697266]",False,"[0.6000000238418579, 0.019999999552965164, 0.029999999329447746]","[[0.5794077515602112, -0.15184274315834045, 0.029605599120259285, 0.07999972999095917, 0.5648854374885559, -0.14332522451877594, 0.02776937372982502, 0.09563543647527695, -0.06108745560050011, -0.01210781279951334]]","[0.03834616392850876, 0.16561143100261688, -0.13618218898773193, -0.0698978528380394, -0.08785140514373779, 0.14765585958957672]","[1, 1]",79.944911533,-0.16707225143909454,1,14,1745573345.415235,8
15,"[0.5664990544319153, -0.14309938251972198, 0.028934355825185776]","[0.38101184368133545, 0.9731202125549316, 0.706602931022644, -0.5691372752189636]",False,"[0.6000000238418579, 0.019999999552965164, 0.029999999329447746]","[[0.5977564454078674, -0.10317955911159515, 0.06389080733060837, 0.064000703394413, 0.5664990544319153, -0.14309938251972198, 0.028934355825185776, 0.09016826748847961, -0.06605446338653564, -0.018544374033808708]]","[0.0695793479681015, -0.0465468168258667, 0.25899240374565125, -0.05289878696203232, -0.40722131729125977, -0.19833014905452728]","[1, 1]",85.796659354,-0.16650782525539398,1,15,1745573349.1954465,9
16,"[0.5837839245796204, -0.10365074872970581, 0.06217912212014198]","[0.38101184368133545, 0.9731202125549316, 0.706602931022644, -0.5691372752189636]",True,"[0.6000000238418579, 0.019999999552965164, 0.029999999329447746]","[[0.5995281934738159, 0.01978171057999134, 0.05949079245328903, 0.07859905809164047, 0.5837839245796204, -0.10365074872970581, 0.06217912212014198, 0.09364766627550125, -0.056984078139066696, -0.019379334524273872]]","[0.08536382764577866, 0.06244973838329315, 0.27054205536842346, -0.12897558510303497, -0.4735257625579834, -0.15463770925998688]","[1, 1]",85.839463849,-0.12879426777362823,1,16,1745573355.0475802,10
0,"[0.4661857485771179, -0.0636446624994278, 0.029155690222978592]","[-0.3092484474182129, 0.013629674911499023, -0.15879619121551514, 0.5612953901290894]",False,"[0.6000000238418579, 0.019999999552965164, 0.029999999329447746]","[[0.6225027441978455, 0.0008588451892137527, 0.18913619220256805, 0.0008904400165192783, 0.4661857485771179, -0.0636446624994278, 0.029155690222978592, 0.08947817236185074, -0.061751388013362885, 0.00037192701711319387]]","[0.25760310888290405, -0.06702367216348648, 0.28820884227752686, 0.28431394696235657, 0.11888788640499115, 0.21161510050296783]","[1, 1]",20.526561334,-0.1578080952167511,0,0,1745573490.6723015,0
1,"[0.465907484292984, -0.06410397589206696, 0.029311830177903175]","[-0.966437816619873, -0.7184041738510132, -0.9663695693016052, 0.8581042289733887]",False,"[0.6000000238418579, 0.019999999552965164, 0.029999999329447746]","[[0.5739853382110596, -0.03482767194509506, 0.140172079205513, 0.07999709993600845, 0.465907484292984, -0.06410397589206696, 0.029311830177903175, 0.08683783560991287, -0.05505739897489548, -0.003207996254786849]]","[0.046563614159822464, 0.35484832525253296, 0.053322091698646545, 0.08419498056173325, 0.1191578134894371, 0.2267346829175949]","[1, 1]",23.702808682,-0.1582869440317154,0,1,1745573495.041711,1
2,"[0.4662008583545685, -0.06354774534702301, 0.029965214431285858]","[-0.9769275188446045, -0.5286017656326294, -0.9717450141906738, 0.9359829425811768]",False,"[0.6000000238418579, 0.019999999552965164, 0.029999999329447746]","[[0.5251373052597046, -0.061032507568597794, 0.0915289893746376, 0.07999841868877411, 0.4662008583545685, -0.06354774534702301, 0.029965214431285858, 0.08405374735593796, -0.05724915862083435, 0.0006881122244521976]]","[0.0965971127152443, 0.10172955691814423, -0.061695344746112823, 0.13624516129493713, -0.01737073063850403, 0.10449284315109253]","[1, 1]",26.819550728,-0.15774168074131012,0,2,1745573498.2179499,2
3,"[0.4661433696746826, -0.06363978981971741, 0.029403161257505417]","[-0.9403055310249329, -0.2110501527786255, -0.9572958946228027, 0.5917428731918335]",False,"[0.6000000238418579, 0.019999999552965164, 0.029999999329447746]","[[0.47818461060523987, -0.07131059467792511, 0.04368986934423447, 0.07999907433986664, 0.4661433696746826, -0.06363978981971741, 0.029403161257505417, 0.0873042494058609, -0.06109294667840004, -0.0003892001695930958]]","[0.05115165561437607, 0.01481907069683075, -0.08547487109899521, 0.04557836800813675, 0.06980432569980621, 0.12052810192108154]","[1, 1]",30.570435967999998,-0.1578403264284134,0,3,1745573501.3343248,3
4,"[0.46616411209106445, -0.06369618326425552, 0.029569178819656372]","[0.9114203453063965, 0.725717306137085, 0.8181990385055542, -0.7410709857940674]",False,"[0.6000000238418579, 0.019999999552965164, 0.029999999329447746]","[[0.5231361985206604, -0.035062141716480255, 0.08370594680309296, 0.064000703394413, 0.46616411209106445, -0.06369618326425552, 0.029569178819656372, 0.08650729805231094, -0.06028621271252632, -4.546255240711616e-06]]","[0.10680785030126572, 0.10127060115337372, 0.3032413423061371, -0.04343842715024948, -0.2789451479911804, -0.5198286175727844]","[1, 1]",34.999735827,-0.15785208344459534,0,4,1745573505.085481,4
5,"[0.5805204510688782, 0.01969028264284134, 0.029521869495511055]","[0.9114203453063965, 0.725717306137085, 0.8181990385055542, -0.7410709857940674]",True,"[0.6000000238418579, 0.019999999552965164, 0.029999999329447746]","[[0.5995275974273682, 0.019766857847571373, 0.05956307426095009, 0.07697775214910507, 0.5804603695869446, 0.01969589665532112, 0.029546663165092468, 0.08730665594339371, -0.040160492062568665, -0.09090694785118103]]","[0.1423090398311615, -0.004721716046333313, 0.22215917706489563, -0.1033329889178276, -0.37845003604888916, -0.28448373079299927]","[1, 1]",48.067952832,-0.019487876445055008,0,5,1745573509.5149682,5
6,"[0.5386245846748352, -0.18734440207481384, 0.028112825006246567]","[-0.39182519912719727, 0.541917085647583, -0.7888673543930054, 0.7881932258605957]",False,"[0.6000000238418579, 0.019999999552965164, 0.029999999329447746]","[[0.6184311509132385, 0.027189670130610466, 0.1579321324825287, 0.07999709993600845, 0.5386245846748352, -0.18734440207481384, 0.028112825006246567, 0.10011228919029236, -0.06951189041137695, -0.032428205013275146]]","[0.2578980326652527, 0.0005767643451690674, -0.06294288486242294, 0.17143593728542328, -0.06702393293380737, -0.02956569194793701]","[1, 1]",51.075369219,-0.21624569594860077,1,6,1745573522.583107,0
7,"[0.538709819316864, -0.18475669622421265, 0.02963361330330372]","[-0.34706664085388184, -0.8100248575210571, 0.2103825807571411, 0.5642596483230591]",False,"[0.6000000238418579, 0.019999999552965164, 0.029999999329447746]","[[0.6009130477905273, -0.013106242753565311, 0.16771094501018524, 0.07999841868877411, 0.538709819316864, -0.18475669622421265, 0.02963361330330372, 0.09575790166854858, -0.07228295505046844, -0.03661125898361206]]","[-0.017622575163841248, -0.19057101011276245, 0.24397975206375122, 0.18909314274787903, 0.21557697653770447, 0.020446620881557465]","[1, 1]",54.39046024,-0.21373330056667328,1,7,1745573525.5905378,1
8,"[0.5357679128646851, -0.186940997838974, 0.028716111555695534]","[-0.5525507926940918, -0.9806430339813232, -0.30958127975463867, 0.6469488143920898]",False,"[0.6000000238418579, 0.019999999552965164, 0.029999999329447746]","[[0.5730310678482056, -0.061868589371442795, 0.15146863460540771, 0.07999907433986664, 0.5357679128646851, -0.186940997838974, 0.028716111555695534, 0.10150360316038132, -0.03535355255007744, -0.1139906570315361]]","[-0.07034173607826233, 0.10300134122371674, 0.17625737190246582, 0.14772707223892212, 0.1882200837135315, 0.13119634985923767]","[1, 1]",57.77881883,-0.21668407320976257,1,8,1745573528.9056878,2
9,"[0.5373697876930237, -0.18693864345550537, 0.028346780687570572]","[-0.3783525228500366, -0.9893355965614319, -0.3689519166946411, 0.8058962821960449]",False,"[0.6000000238418579, 0.019999999552965164, 0.029999999329447746]","[[0.5540953278541565, -0.11100522428750992, 0.13292787969112396, 0.07999972999095917, 0.5373697876930237, -0.18693864345550537, 0.028346780687570572, 0.10845682770013809, -0.050465177744627, -0.07802411168813705]]","[-0.14863941073417664, -0.1668785661458969, 0.19684278964996338, 0.1336982697248459, 0.15417909622192383, 0.03619439899921417]","[1, 1]",60.946159821,-0.21621489524841309,1,9,1745573532.2939959,3
10,"[0.5111326575279236, -0.10866214334964752, 0.02891436778008938]","[-0.41109609603881836, -0.9831575155258179, -0.7921764254570007, 0.7552434206008911]",False,"[0.6000000238418579, 0.019999999552965164, 0.029999999329447746]","[[0.5335748791694641, -0.15988367795944214, 0.09330505132675171, 0.0800003856420517, 0.5111326575279236, -0.10866214334964752, 0.02891436778008938, 0.08840322494506836, -0.06104321777820587, -0.044487252831459045]]","[0.022038502618670464, -0.056319788098335266, 0.02385789155960083, 0.06182929128408432, 0.062413573265075684, 0.022272631525993347]","[1, 1]",63.8633826,-0.1563730537891388,1,10,1745573535.461467,4
11,"[0.5101273655891418, -0.11043918132781982, 0.02845620922744274]","[-0.16751950979232788, 0.8042309284210205, -0.35213303565979004, 0.5835838317871094]",False,"[0.6000000238418579, 0.019999999552965164, 0.029999999329447746]","[[0.5251959562301636, -0.11969124525785446, 0.07569395005702972, 0.08000104129314423, 0.5101273655891418, -0.11043918132781982, 0.02845620922744274, 0.0912502259016037, -0.059796128422021866, -0.039456069469451904]]","[0.165541410446167, -0.17648401856422424, -0.013941876590251923, 0.13986092805862427, -0.17724257707595825, 0.059681057929992676]","[1, 1]",66.695141619,-0.15841040015220642,1,11,1745573538.378503,5
12,"[0.5104106664657593, -0.10969161242246628, 0.028435461223125458]","[-0.14143890142440796, 0.13238000869750977, -0.8766895532608032, 0.30411601066589355]",False,"[0.6000000238418579, 0.019999999552965164, 0.029999999329447746]","[[0.518190860748291, -0.11326739937067032, 0.032008036971092224, 0.08000104129314423, 0.5104106664657593, -0.10969161242246628, 0.028435461223125458, 0.09415563941001892, -0.07128650695085526, -0.033236708492040634]]","[-0.014287199825048447, 0.019160717725753784, -0.170683354139328, -0.019729843363165855, -0.07240977883338928, 0.2262505143880844]","[1, 1]",70.359880044,-0.1576344221830368,1,12,1745573541.2102897,6
13,"[0.5002867579460144, -0.23693221807479858, 0.027979135513305664]","[0.7474250793457031, 0.9613305330276489, 0.720599889755249, -0.650266170501709]",False,"[0.6000000238418579, 0.019999999552965164, 0.029999999329447746]","[[0.5549945831298828, -0.06524702161550522, 0.06724020838737488, 0.06400135904550552, 0.5002867579460144, -0.23693221807479858, 0.027979135513305664, 0.08349491655826569, -0.061168916523456573, -0.0849764421582222]]","[-0.050374336540699005, 0.03704535961151123, 0.19633865356445312, -0.15009476244449615, -0.4109575152397156, -0.10968179255723953]","[1, 1]",75.122194382,-0.27561020851135254,1,13,1745573544.875042,7
14,"[0.5009992718696594, -0.23496019840240479, 0.028518734499812126]","[0.7474250793457031, 0.9613305330276489, 0.720599889755249, -0.650266170501709]",True,"[0.6000000238418579, 0.019999999552965164, 0.029999999329447746]","[[0.5996749401092529, 0.01977481320500374, 0.059757065027952194, 0.07974494248628616, 0.5009992718696594, -0.23496019840240479, 0.028518734499812126, 0.06792262196540833, -0.042227234691381454, -0.11142773181200027]]","[0.05347659811377525, 0.0016751885414123535, 0.21387642621994019, -0.30041584372520447, -0.46874934434890747, -0.027558133006095886]","[1, 1]",75.163254148,-0.27351057529449463,1,14,1745573549.6353462,8
0,"[0.5012039542198181, -0.23405709862709045, 0.02879926934838295]","[-0.43948042392730713, -0.10770630836486816, -0.08997666835784912, 0.2961989641189575]",False,"[0.6000000238418579, 0.019999999552965164, 0.029999999329447746]","[[0.6159836053848267, -0.004821451380848885, 0.19253665208816528, 0.013087366707623005, 0.5012039542198181, -0.23405709862709045, 0.02879926934838295, 0.0720587968826294, -0.042219702154397964, -0.1119178757071495]]","[0.07112817466259003, -0.03400230407714844, 0.27997663617134094, 0.2545381188392639, 0.15232236683368683, 0.38011133670806885]","[1, 1]",19.949722968,-0.27259331941604614,0,0,1745573659.6407907,0
1,"[0.5010248422622681, -0.23430068790912628, 0.02876773476600647]","[-0.6376917362213135, -0.9817028045654297, -0.18983745574951172, 0.5365829467773438]",False,"[0.6000000238418579, 0.019999999552965164, 0.029999999329447746]","[[0.5839120149612427, -0.05357126519083977, 0.18232165277004242, 0.07999776303768158, 0.5010248422622681, -0.23430068790912628, 0.02876773476600647, 0.07157976925373077, -0.042292818427085876, -0.1111382320523262]]","[-0.0467773899435997, 0.013941287994384766, 0.30387482047080994, 0.22147484123706818, 0.1490515023469925, 0.4016640782356262]","[1, 1]",23.057460712,-0.27288541197776794,0,1,1745573663.7777476,1
2,"[0.5007254481315613, -0.23451192677021027, 0.028814872726798058]","[-0.7284701466560364, -0.991768479347229, -0.38796985149383545, 0.6884720325469971]",False,"[0.6000000238418579, 0.019999999552965164, 0.029999999329447746]","[[0.5473141074180603, -0.10287199169397354, 0.16227605938911438, 0.07999841868877411, 0.5007254481315613, -0.23451192677021027, 0.028814872726798058, 0.09383880347013474, -0.06576764583587646, -0.07938850671052933]]","[0.03378085047006607, -0.028209656476974487, 0.2374563217163086, 0.28369614481925964, 0.09114786982536316, 0.33761727809906006]","[1, 1]",26.402109661,-0.2731907069683075,0,2,1745573666.8859174,2
3,"[0.5009968280792236, -0.23282836377620697, 0.02964845485985279]","[-0.7682579159736633, -0.9907675981521606, -0.5186067223548889, 0.7202447652816772]",False,"[0.6000000238418579, 0.019999999552965164, 0.029999999329447746]","[[0.5088847875595093, -0.15208719670772552, 0.13609051704406738, 0.07999841868877411, 0.5009968280792236, -0.23282836377620697, 0.02964845485985279, 0.06971009820699692, -0.039379093796014786, -0.11078211665153503]]","[0.04671235755085945, -0.07750342041254044, 0.05549159646034241, 0.12720206379890442, 0.0572996661067009, 0.21364377439022064]","[1, 1]",29.674231484,-0.27152150869369507,0,3,1745573670.2304428,3
4,"[0.5010994672775269, -0.23249828815460205, 0.028871888294816017]","[-0.286429762840271, -0.9839577078819275, -0.6774410009384155, 0.7197779417037964]",False,"[0.6000000238418579, 0.019999999552965164, 0.029999999329447746]","[[0.49448487162590027, -0.20100396871566772, 0.10201862454414368, 0.07999907433986664, 0.5010994672775269, -0.23249828815460205, 0.028871888294816017, 0.07028088718652725, -0.04086935147643089, -0.1113627478480339]]","[-0.0059499591588974, 0.0758913904428482, 0.02338958904147148, 0.05491216480731964, 0.1273500621318817, 0.1100136786699295]","[1, 1]",33.650307889,-0.27117887139320374,0,4,1745573673.502591,4
5,"[0.5009933710098267, -0.23262105882167816, 0.03025069832801819]","[0.1591261625289917, -0.8996003866195679, -0.9785701036453247, 0.617522120475769]",False,"[0.6000000238418579, 0.019999999552965164, 0.029999999329447746]","[[0.502452552318573, -0.24553464353084564, 0.05316483601927757, 0.08000169694423676, 0.5009933710098267, -0.23262105882167816, 0.03025069832801819, 0.0677156150341034, -0.04104837030172348, -0.11219783127307892]]","[0.0377030074596405, 0.16961060464382172, -0.07642702013254166, -0.07004086673259735, 0.03932526707649231, 0.03749255836009979]","[1, 1]",37.321014971,-0.2713296413421631,0,5,1745573677.47867,5
6,"[0.5013701915740967, -0.2326710969209671, 0.02998868189752102]","[0.30778491497039795, 0.8344968557357788, 0.2322596311569214, -0.5830947160720825]",False,"[0.6000000238418579, 0.019999999552965164, 0.029999999329447746]","[[0.5173162221908569, -0.20368406176567078, 0.06401237100362778, 0.06400201469659805, 0.5013701915740967, -0.2326710969209671, 0.02998868189752102, 0.07037968933582306, -0.04435814544558525, -0.10873942822217941]]","[0.09573372453451157, 0.13525594770908356, 0.23552843928337097, 0.12573008239269257, -0.3210948705673218, -0.27871692180633545]","[1, 1]",46.107031339,-0.27123886346817017,0,6,1745573681.1493762,6
7,"[0.5029528737068176, -0.2309354692697525, 0.0301078949123621]","[0.30778491497039795, 0.8344968557357788, 0.2322596311569214, -0.5830947160720825]",True,"[0.6000000238418579, 0.019999999552965164, 0.029999999329447746]","[[0.5997111797332764, 0.019733427092432976, 0.05978839471936226, 0.07883808761835098, 0.5029528737068176, -0.2309354692697525, 0.0301078949123621, 0.0659106969833374, -0.03964783996343613, -0.13640111684799194]]","[-0.01643233746290207, 0.0868748277425766, 0.18805503845214844, 0.030062254518270493, -0.45901280641555786, -0.08502306044101715]","[1, 1]",56.202644345,-0.26904788613319397,0,7,1745573689.9354446,7
8,"[0.5033770799636841, -0.2324812114238739, 0.02870546653866768]","[0.5957522392272949, 0.5436320304870605, -0.48869937658309937, -0.4480116367340088]",False,"[0.6000000238418579, 0.019999999552965164, 0.029999999329447746]","[[0.6677749156951904, 0.027285302057862282, 0.17319355905056, 0.00010309666686225682, 0.5033770799636841, -0.2324812114238739, 0.02870546653866768, 0.07157963514328003, -0.0431983508169651, -0.13698695600032806]]","[0.17479118704795837, -0.40868842601776123, -0.18475234508514404, -0.29243841767311096, -0.1658148616552353, 0.37396395206451416]","[1, 1]",62.158904984,-0.27034130692481995,1,8,1745573700.0310035,0
9,"[0.5029230117797852, -0.23351874947547913, 0.02849915623664856]","[-0.5957436561584473, -0.8617788553237915, -0.05533492565155029, 0.5838199853897095]",False,"[0.6000000238418579, 0.019999999552965164, 0.029999999329447746]","[[0.6377939581871033, -0.01564781181514263, 0.1697089821100235, 0.07999709993600845, 0.5029230117797852, -0.23351874947547913, 0.02849915623664856, 0.0708339661359787, -0.04309838265180588, -0.13490766286849976]]","[-0.1988433599472046, -0.19319820404052734, 0.33069729804992676, 0.18028853833675385, 0.07845845073461533, 0.5111621618270874]","[1, 1]",65.50979453,-0.2714736759662628,1,9,1745573705.9869394,1
10,"[0.5026238560676575, -0.23629020154476166, 0.027938976883888245]","[-0.828226625919342, -0.9923525452613831, 0.056542277336120605, 0.6156314611434937]",False,"[0.6000000238418579, 0.019999999552965164, 0.029999999329447746]","[[0.5962370038032532, -0.06492358446121216, 0.17184662818908691, 0.07999776303768158, 0.5026238560676575, -0.23629020154476166, 0.027938976883888245, 0.09395993500947952, -0.062384139746427536, -0.10365870594978333]]","[0.075896717607975, -0.14654183387756348, 0.24942821264266968, 0.11857999861240387, 0.07722509652376175, 0.5480981469154358]","[1, 1]",68.818206926,-0.2741733491420746,1,10,1745573709.3381608,2
11,"[0.5027520060539246, -0.23550193011760712, 0.028018437325954437]","[-0.8063864707946777, -0.9912675023078918, -0.2875235080718994, 0.6062086820602417]",False,"[0.6000000238418579, 0.019999999552965164, 0.029999999329447746]","[[0.5557676553726196, -0.11421126872301102, 0.1568387746810913, 0.07999907433986664, 0.5027520060539246, -0.23550193011760712, 0.028018437325954437, 0.09250592440366745, -0.062351442873477936, -0.10500483214855194]]","[-0.11271270364522934, -0.11709906160831451, 0.27740952372550964, 0.24518537521362305, 0.08618480712175369, 0.47621506452560425]","[1, 1]",71.853665432,-0.27339044213294983,1,11,1745573712.6465867,3
12,"[0.54732346534729, -0.11648113280534744, 0.029763806611299515]","[-0.8322184085845947, -0.9910157918930054, -0.7065334916114807, 0.7299232482910156]",False,"[0.6000000238418579, 0.019999999552965164, 0.029999999329447746]","[[0.5141988396644592, -0.16355514526367188, 0.12145320326089859, 0.07999972999095917, 0.54732346534729, -0.11648113280534744, 0.029763806611299515, 0.1709306538105011, -0.09037622064352036, -0.05162189155817032]]","[-0.008863311260938644, 0.011986806988716125, 0.031095873564481735, 0.16866515576839447, -0.010663427412509918, 0.25474268198013306]","[1, 1]",74.897702404,-0.14629413187503815,1,12,1745573715.6820211,4
13,"[0.5501136779785156, -0.11067354679107666, 0.02858152613043785]","[0.7334597110748291, 0.5743570327758789, -0.9693299531936646, 0.5356351137161255]",False,"[0.6000000238418579, 0.019999999552965164, 0.029999999329447746]","[[0.5505591034889221, -0.13484983146190643, 0.07284747809171677, 0.08000104129314423, 0.5501136779785156, -0.11067354679107666, 0.02858152613043785, 0.08824893832206726, -0.05839118734002113, -0.017574168741703033]]","[0.15041705965995789, -0.09556644409894943, -0.11053737252950668, -0.10020514577627182, -0.1673799604177475, 0.1339925080537796]","[1, 1]",77.665971352,-0.13987934589385986,1,13,1745573718.7260578,5
14,"[0.5500777363777161, -0.11041272431612015, 0.02901456318795681]","[0.17203116416931152, 0.7815243005752563, -0.7138395309448242, 0.3636890649795532]",False,"[0.6000000238418579, 0.019999999552965164, 0.029999999329447746]","[[0.5588306784629822, -0.09588664770126343, 0.037067435681819916, 0.08000169694423676, 0.5500777363777161, -0.11041272431612015, 0.02901456318795681, 0.08753511309623718, -0.05752239376306534, -0.017186440527439117]]","[0.0354158841073513, -0.2144775688648224, -0.10070203989744186, -0.04548633098602295, -0.10963079333305359, 0.2532978057861328]","[1, 1]",81.345774478,-0.13964484632015228,1,14,1745573721.4943283,6
15,"[0.5500139594078064, -0.10107902437448502, 0.02904052473604679]","[0.44294559955596924, 0.9659054279327393, 0.6671929359436035, -0.8796683549880981]",False,"[0.6000000238418579, 0.019999999552965164, 0.029999999329447746]","[[0.5803038477897644, -0.0476791076362133, 0.0694747343659401, 0.06400135904550552, 0.5500139594078064, -0.10107902437448502, 0.02904052473604679, 0.0920921042561531, -0.06252817809581757, -0.05512363463640213]]","[0.015598408877849579, -0.032340601086616516, 0.19668087363243103, -0.01590467058122158, -0.44390732049942017, -0.012787390500307083]","[1, 1]",85.522592659,-0.13099487125873566,1,15,1745573725.1741478,7
16,"[0.5723416805267334, -0.04728049784898758, 0.06118091568350792]","[0.44294559955596924, 0.9659054279327393, 0.6671929359436035, -0.8796683549880981]",True,"[0.6000000238418579, 0.019999999552965164, 0.029999999329447746]","[[0.5996097326278687, 0.019808458164334297, 0.0596633180975914, 0.0787520632147789, 0.5723416805267334, -0.04728049784898758, 0.06118091568350792, 0.09246987104415894, -0.055046260356903076, -0.05447149649262428]]","[0.09320167452096939, 0.08660601079463959, 0.20918747782707214, -0.06646023690700531, -0.5133288502693176, -0.06979329138994217]","[1, 1]",85.524854737,-0.07914479076862335,1,16,1745573729.3509634,8
0,"[0.4106735289096832, -0.06431993842124939, 0.02955043502151966]","[-0.3286474943161011, 0.10255491733551025, -0.023122668266296387, 0.5790739059448242]",False,"[0.6000000238418579, 0.019999999552965164, 0.029999999329447746]","[[0.6215437054634094, 0.004466511774808168, 0.19592773914337158, 0.01327188964933157, 0.4106735289096832, -0.06431993842124939, 0.02955043502151966, 0.0859183594584465, -0.06282537430524826, 0.014922050759196281]]","[0.25495409965515137, -0.09177975356578827, 0.2919256389141083, 0.3353411853313446, 0.08014001697301865, 0.24202881753444672]","[1, 1]",22.742393547,-0.20725484192371368,0,0,1745574391.8842509,0
1,"[0.4105212986469269, -0.06460022926330566, 0.02942231297492981]","[-0.974088728427887, -0.5664288401603699, -0.8211707472801208, 0.8435992002487183]",False,"[0.6000000238418579, 0.019999999552965164, 0.029999999329447746]","[[0.5726193189620972, -0.023662690073251724, 0.15422028303146362, 0.07999907433986664, 0.4105212986469269, -0.06460022926330566, 0.02942231297492981, 0.08523677289485931, -0.0621512345969677, 0.014475420117378235]]","[0.06401525437831879, 0.3069440722465515, 0.1259053647518158, 0.14971457421779633, 0.1297091841697693, 0.3532280921936035]","[1, 1]",26.518192606,-0.20750834047794342,0,1,1745574396.4692087,1
2,"[0.4106181263923645, -0.064313143491745, 0.030446656048297882]","[-0.9810680747032166, -0.5641340613365173, -0.8648725152015686, 0.9560551643371582]",False,"[0.6000000238418579, 0.019999999552965164, 0.029999999329447746]","[[0.5235558152198792, -0.0516912005841732, 0.11085522174835205, 0.07999972999095917, 0.4106181263923645, -0.064313143491745, 0.030446656048297882, 0.08514377474784851, -0.061143163591623306, 0.015567474998533726]]","[0.07204362750053406, 0.20632047951221466, 0.02847636491060257, 0.2437046617269516, -0.017979949712753296, 0.2326754778623581]","[1, 1]",30.385633036,-0.20730267465114594,0,2,1745574400.2450078,2
3,"[0.41060078144073486, -0.06438781321048737, 0.030003029853105545]","[-0.9907796382904053, -0.30019307136535645, -0.9339777231216431, 0.8479149341583252]",False,"[0.6000000238418579, 0.019999999552965164, 0.029999999329447746]","[[0.47405174374580383, -0.06652910262346268, 0.06416994333267212, 0.0800003856420517, 0.41060078144073486, -0.06438781321048737, 0.030003029853105545, 0.08149779587984085, -0.06333532929420471, 0.020466849207878113]]","[0.020597387105226517, 0.013437673449516296, -0.12484963983297348, 0.00871390663087368, 0.049661196768283844, 0.1155989021062851]","[1, 1]",34.102508998,-0.20734842121601105,0,3,1745574404.1125004,3
4,"[0.4107128381729126, -0.06404567509889603, 0.02997520938515663]","[-0.9730226397514343, -0.0108909010887146, -0.7935977578163147, 0.2937878370285034]",False,"[0.6000000238418579, 0.019999999552965164, 0.029999999329447746]","[[0.42549213767051697, -0.06684905290603638, 0.024544034153223038, 0.08000104129314423, 0.4107128381729126, -0.06404567509889603, 0.02997520938515663, 0.08186345547437668, -0.06344456225633621, 0.01976957358419895]]","[-0.004785869270563126, -0.11053888499736786, 0.027231857180595398, 0.07404579222202301, 0.013590030372142792, 0.059640735387802124]","[1, 1]",38.15412088,-0.20710699260234833,0,4,1745574407.8293424,4
5,"[0.4107610583305359, -0.06397910416126251, 0.03035007417201996]","[0.8358321189880371, 0.39021003246307373, 0.9124329090118408, -0.8347219228744507]",False,"[0.6000000238418579, 0.019999999552965164, 0.029999999329447746]","[[0.4666055738925934, -0.047388169914484024, 0.06935190409421921, 0.06400004774332047, 0.4107610583305359, -0.06397910416126251, 0.03035007417201996, 0.08158411830663681, -0.06379824876785278, 0.02179586887359619]]","[-0.024852551519870758, 0.02613857388496399, 0.30217573046684265, -0.014590626582503319, -0.23819667100906372, -0.30995988845825195]","[1, 1]",44.291314368,-0.20703619718551636,0,5,1745574411.8809433,5
6,"[0.4520525634288788, -0.04750591516494751, 0.0740661472082138]","[0.8358321189880371, 0.39021003246307373, 0.9124329090118408, -0.8347219228744507]",True,"[0.6000000238418579, 0.019999999552965164, 0.029999999329447746]","[[0.599536120891571, 0.01973152346909046, 0.059587638825178146, 0.07583186775445938, 0.4520525634288788, -0.04750591516494751, 0.0740661472082138, 0.09379050880670547, -0.057729821652173996, -0.017706241458654404]]","[0.04392622783780098, 0.19094218313694, 0.3337547779083252, -0.13758905231952667, -0.4125675857067108, -0.05209378898143768]","[1, 1]",59.066581467,-0.1684853583574295,0,6,1745574418.018123,6
7,"[0.4379693269729614, -0.1580696702003479, 0.02926652878522873]","[0.0934915542602539, 0.3039100170135498, -0.9556645750999451, 0.7593873739242554]",False,"[0.6000000238418579, 0.019999999552965164, 0.029999999329447746]","[[0.6424685716629028, 0.01526955608278513, 0.1496957689523697, 0.07999841868877411, 0.4379693269729614, -0.1580696702003479, 0.02926652878522873, 0.0988348051905632, -0.06740623712539673, -0.06772857159376144]]","[0.21404480934143066, -0.08283748477697372, -0.19760870933532715, -0.04737928509712219, -0.0036110058426856995, -0.03541742265224457]","[1, 1]",61.533672414,-0.24075564742088318,1,7,1745574432.7934022,0
8,"[0.43837326765060425, -0.15904346108436584, 0.029463212937116623]","[-0.30515289306640625, -0.304057240486145, 0.03465855121612549, 0.4028153419494629]",False,"[0.6000000238418579, 0.019999999552965164, 0.029999999329447746]","[[0.626998245716095, 0.0003198867489118129, 0.15073564648628235, 0.07999972999095917, 0.43837326765060425, -0.15904346108436584, 0.029463212937116623, 0.08692922443151474, -0.06238546967506409, -0.0734025314450264]]","[0.01188003271818161, -0.21730709075927734, 0.07085900753736496, 0.038725368678569794, 0.1702221930027008, -0.0979498028755188]","[1, 1]",64.966624234,-0.24120540916919708,1,8,1745574435.2606351,1
9,"[0.4388646185398102, -0.15595658123493195, 0.03204856067895889]","[-0.8466317653656006, -0.9381272792816162, 0.10819220542907715, 0.5970592498779297]",False,"[0.6000000238418579, 0.019999999552965164, 0.029999999329447746]","[[0.5844372510910034, -0.046313103288412094, 0.1554347276687622, 0.0800003856420517, 0.4388646185398102, -0.15595658123493195, 0.03204856067895889, 0.08447347581386566, -0.05823720991611481, -0.08067984133958817]]","[-0.10407475382089615, 0.0036441385746002197, 0.36896073818206787, 0.2423221468925476, 0.3064287304878235, 0.12141068279743195]","[1, 1]",68.495105667,-0.23859909176826477,1,9,1745574438.6934397,2
10,"[0.4382466971874237, -0.1574670672416687, 0.030282801017165184]","[-0.9645978808403015, -0.9790686964988708, -0.38265442848205566, 0.898019552230835]",False,"[0.6000000238418579, 0.019999999552965164, 0.029999999329447746]","[[0.5360251069068909, -0.09503844380378723, 0.1357402354478836, 0.08000104129314423, 0.4382466971874237, -0.1574670672416687, 0.030282801017165184, 0.08714891970157623, -0.06426121294498444, -0.07502689957618713]]","[-0.20087581872940063, -0.07924391329288483, 0.11343032121658325, 0.28403395414352417, 0.14152784645557404, 0.09014960378408432]","[1, 1]",72.411223686,-0.24012240767478943,1,10,1745574442.2218506,3
11,"[0.4376620352268219, -0.1607096940279007, 0.028549794107675552]","[-0.9709101915359497, -0.9627724885940552, -0.8779798746109009, 0.893670916557312]",False,"[0.6000000238418579, 0.019999999552965164, 0.029999999329447746]","[[0.4874930679798126, -0.1429896205663681, 0.09177075326442719, 0.08000169694423676, 0.4376620352268219, -0.1607096940279007, 0.028549794107675552, 0.10335636138916016, -0.0708605945110321, -0.07063222676515579]]","[-0.058389775454998016, 0.019551679491996765, 0.01171255111694336, 0.057834066450595856, 0.03718942031264305, 0.06170521676540375]","[1, 1]",76.474604359,-0.24292325973510742,1,11,1745574446.1377199,4
12,"[0.6331340670585632, -0.14392973482608795, 0.02447100169956684]","[-0.9381846785545349, -0.5986008644104004, -0.9716099500656128, 0.676276683807373]",False,"[0.6000000238418579, 0.019999999552965164, 0.029999999329447746]","[[0.4406552016735077, -0.17275193333625793, 0.04319237917661667, 0.08000169694423676, 0.6331340670585632, -0.14392973482608795, 0.02447100169956684, 0.11746915429830551, -0.15536275506019592, 0.04258319362998009]]","[-0.06564104557037354, -0.06626024097204208, -0.09463157504796982, -0.05420845001935959, -0.010634928941726685, 0.2172771841287613]","[1, 1]",80.214045556,-0.16733616590499878,1,12,1745574450.2013984,5
13,"[0.6398442387580872, -0.13383620977401733, 0.02803099900484085]","[0.9999964237213135, 1, 1, 0.9999974966049194]",False,"[0.6000000238418579, 0.019999999552965164, 0.029999999329447746]","[[0.49008792638778687, -0.12273027002811432, 0.09245236963033676, 0.08000169694423676, 0.6398442387580872, -0.13383620977401733, 0.02803099900484085, 0.08521425724029541, -0.05570270121097565, -0.06672176718711853]]","[-0.5821496844291687, -1.5242210626602173, -0.08805304020643234, -0.371974915266037, -0.7177644371986389, 0.8583579659461975]","[1, 1]",83.638114243,-0.15892457962036133,1,13,1745574453.940805,6
14,"[0.6398307085037231, -0.1339476853609085, 0.02784867398440838]","[0.7975773811340332, 0.49675452709198, -0.9766747951507568, 0.4991447925567627]",False,"[0.6000000238418579, 0.019999999552965164, 0.029999999329447746]","[[0.5294995903968811, -0.09788762032985687, 0.043362680822610855, 0.08000169694423676, 0.6398307085037231, -0.1339476853609085, 0.02784867398440838, 0.0847662091255188, -0.056186601519584656, -0.06688908487558365]]","[-0.4899147152900696, -0.916649580001831, 0.1461157500743866, -0.540486216545105, -0.9819771647453308, 1.9121487140655518]","[1, 1]",87.138871232,-0.1590314507484436,1,14,1745574457.3649411,7
15,"[0.6391286253929138, -0.13391940295696259, 0.028108084574341774]","[0.8326482772827148, -0.7169449329376221, -0.4555778503417969, 0.632404088973999]",False,"[0.6000000238418579, 0.019999999552965164, 0.029999999329447746]","[[0.5709213018417358, -0.13350830972194672, 0.020482392981648445, 0.08000169694423676, 0.6391286253929138, -0.13391940295696259, 0.028108084574341774, 0.08682969957590103, -0.04057157039642334, -0.08098359405994415]]","[0.14708256721496582, -0.8447409868240356, 0.33281078934669495, -0.41840216517448425, -0.6775566339492798, 2.053297758102417]","[1, 1]",91.158064955,-0.15882635116577148,1,15,1745574460.8657823,8
16,"[0.6387612223625183, -0.13556557893753052, 0.02679373137652874]","[-0.033582866191864014, 0.9181540012359619, 0.6100765466690063, -0.8788498044013977]",False,"[0.6000000238418579, 0.019999999552965164, 0.029999999329447746]","[[0.5689533352851868, -0.08776047825813293, 0.050299763679504395, 0.06400135904550552, 0.6387612223625183, -0.13556557893753052, 0.02679373137652874, 0.09352008253335953, -0.07518552243709564, -0.054322339594364166]]","[0.09379051625728607, -0.2023385614156723, 0.680769681930542, -0.07709496468305588, -0.9725201725959778, 2.3506901264190674]","[1, 1]",96.470986504,-0.1603538691997528,1,16,1745574464.8849843,9
17,"[0.6392351984977722, -0.13422271609306335, 0.028005734086036682]","[-0.033582866191864014, 0.9181540012359619, 0.6100765466690063, -0.8788498044013977]",True,"[0.6000000238418579, 0.019999999552965164, 0.029999999329447746]","[[0.5996806025505066, 0.019708925858139992, 0.05970010906457901, 0.07841978967189789, 0.6392351984977722, -0.13422271609306335, 0.028005734086036682, 0.08856219798326492, -0.041484933346509933, -0.0748700350522995]]","[0.15586769580841064, -0.3927367925643921, 0.7451027631759644, -0.20513583719730377, -0.7823225855827332, 2.598848819732666]","[1, 1]",96.474544119,-0.15914779901504517,1,17,1745574470.1978052,10
0,"[0.5761200785636902, -0.08260795474052429, 0.03093128465116024]","[-0.6562004685401917, -0.26537907123565674, -0.6083142757415771, 0.5583076477050781]",False,"[0.6000000238418579, 0.019999999552965164, 0.029999999329447746]","[[0.6051586270332336, -0.013358254916965961, 0.16672542691230774, 0.028417905792593956, 0.5761200785636902, -0.08260795474052429, 0.03093128465116024, 0.08575396984815598, -0.06790489703416824, 0.02304062806069851]]","[0.25573837757110596, 0.1423255056142807, 0.13543230295181274, 0.11276038736104965, 0.17746949195861816, 0.047848835587501526]","[1, 1]",18.781516006,-0.10535421222448349,0,0,1745577557.5887854,0
1,"[0.5761623978614807, -0.082474485039711, 0.030454328283667564]","[-0.15155190229415894, -0.8370093107223511, -0.937575101852417, 0.6466212272644043]",False,"[0.6000000238418579, 0.019999999552965164, 0.029999999329447746]","[[0.5975647568702698, -0.054928313940763474, 0.11981610208749771, 0.07999776303768158, 0.5761623978614807, -0.082474485039711, 0.030454328283667564, 0.0870738998055458, -0.06946559250354767, 0.0228466484695673]]","[0.13370633125305176, 0.2749482989311218, -0.0074810609221458435, -0.07107336819171906, 0.16150054335594177, -0.10055894404649734]","[1, 1]",22.168993953,-0.10521148890256882,0,1,1745577561.423417,1
2,"[0.5762650370597839, -0.08255511522293091, 0.03147177770733833]","[-0.2724905014038086, -0.7058408260345459, -0.9670404195785522, 0.7681041955947876]",False,"[0.6000000238418579, 0.019999999552965164, 0.029999999329447746]","[[0.583939790725708, -0.0899849459528923, 0.07150351256132126, 0.07999841868877411, 0.5762650370597839, -0.08255511522293091, 0.03147177770733833, 0.08873176574707031, -0.06797413527965546, 0.0227239690721035]]","[0.22004929184913635, 0.18573983013629913, -0.0416928231716156, -0.12440694123506546, 0.16880156099796295, -0.11818256229162216]","[1, 1]",25.533446063,-0.10527614504098892,0,2,1745577564.810884,2
3,"[0.575888454914093, -0.08493149280548096, 0.029509583488106728]","[0.23372650146484375, 0.4907325506210327, -0.5690324306488037, 0.22427749633789062]",False,"[0.6000000238418579, 0.019999999552965164, 0.029999999329447746]","[[0.5953032970428467, -0.06553053110837936, 0.04286884516477585, 0.0800003856420517, 0.575888454914093, -0.08493149280548096, 0.029509583488106728, 0.08616986125707626, -0.06893637776374817, 0.02369008958339691]]","[0.23640912771224976, -0.05909091234207153, 0.10579092055559158, 0.03933214396238327, -0.028822720050811768, -0.1632556915283203]","[1, 1]",29.573841519,-0.10766720026731491,0,3,1745577568.175346,3
4,"[0.5768965482711792, -0.07023908942937851, 0.03013695776462555]","[0.22401165962219238, 0.91408371925354, 0.46279239654541016, -0.5332304835319519]",False,"[0.6000000238418579, 0.019999999552965164, 0.029999999329447746]","[[0.605779767036438, -0.019962510094046593, 0.06484783440828323, 0.06400135904550552, 0.5768965482711792, -0.07023908942937851, 0.03013695776462555, 0.08422166109085083, -0.06647277623414993, -0.018625127151608467]]","[0.10069083422422409, 0.02611994743347168, 0.3006832003593445, 0.14164534211158752, -0.3892979025840759, -0.3016553521156311]","[1, 1]",32.989825293,-0.09314978122711182,0,4,1745577572.2157333,4
5,"[0.5866066217422485, -0.017712222412228584, 0.05260251462459564]","[0.22401165962219238, 0.91408371925354, 0.46279239654541016, -0.5332304835319519]",True,"[0.6000000238418579, 0.019999999552965164, 0.029999999329447746]","[[0.5994817614555359, 0.019743062555789948, 0.05908263847231865, 0.07754117250442505, 0.5866066217422485, -0.017712222412228584, 0.05260251462459564, 0.08090047538280487, -0.04151790961623192, -0.056119732558727264]]","[0.12192893773317337, 0.03198562562465668, 0.2667059004306793, 0.11622165143489838, -0.46602505445480347, -0.14208245277404785]","[1, 1]",46.872743482,-0.045961592346429825,0,5,1745577575.6318302,5
6,"[0.5803704261779785, 0.01711265929043293, 0.03126867860555649]","[-0.5906428098678589, 0.369684100151062, -0.7791885137557983, 0.7108604907989502]",False,"[0.6000000238418579, 0.019999999552965164, 0.029999999329447746]","[[0.6084625124931335, 0.01860402151942253, 0.15820063650608063, 0.07999709993600845, 0.5803704261779785, 0.01711265929043293, 0.03126867860555649, 0.08720287680625916, -0.06271768361330032, 0.08243122696876526]]","[0.2208702266216278, 0.0705985575914383, -0.052455902099609375, 0.21777547895908356, -0.06141071021556854, 0.005983598530292511]","[1, 1]",50.481536819,-0.01988130994141102,1,6,1745577589.5146961,0
7,"[0.5744827389717102, 0.018274519592523575, 0.029921816661953926]","[0.12221026420593262, 0.09985876083374023, -0.9597676992416382, 0.686275839805603]",False,"[0.6000000238418579, 0.019999999552965164, 0.029999999329447746]","[[0.6142778396606445, 0.02328430488705635, 0.11001656949520111, 0.07999841868877411, 0.5744827389717102, 0.018274519592523575, 0.029921816661953926, 0.10463619977235794, -0.0906904861330986, 0.09718197584152222]]","[0.0685112327337265, 0.19131167232990265, -0.07305508106946945, 0.043129242956638336, 0.05652084946632385, 0.09604060649871826]","[1, 1]",54.185192241,-0.025575652718544006,1,7,1745577593.1230574,1
8,"[0.5136407613754272, -0.1611151099205017, 0.028898639604449272]","[-0.08253520727157593, -0.1575295329093933, -0.9567701816558838, 0.5344269275665283]",False,"[0.6000000238418579, 0.019999999552965164, 0.029999999329447746]","[[0.6100786924362183, 0.015635840594768524, 0.06221843138337135, 0.07999972999095917, 0.5136407613754272, -0.1611151099205017, 0.028898639604449272, 0.07947231084108353, -0.07409559935331345, -0.054091885685920715]]","[-0.015787728130817413, 0.09726421535015106, -0.11296506971120834, -0.043920256197452545, 0.05575612932443619, 0.03376615047454834]","[1, 1]",57.716886162,-0.20065346360206604,1,8,1745577596.827069,2
9,"[0.5140612721443176, -0.15987366437911987, 0.029732439666986465]","[0.7700023651123047, 0.7854987382888794, 0.9753047227859497, 0.467728853225708]",False,"[0.6000000238418579, 0.019999999552965164, 0.029999999329447746]","[[0.6482729315757751, 0.05453646183013916, 0.11057430505752563, 0.07999907433986664, 0.5140612721443176, -0.15987366437911987, 0.029732439666986465, 0.08324337005615234, -0.07357099652290344, -0.06590177863836288]]","[0.0780140683054924, -0.45166540145874023, 0.21789208054542542, 0.055331386625766754, 0.04901815950870514, -0.3039799928665161]","[1, 1]",60.27660552,-0.19934912025928497,1,9,1745577600.358768,3
10,"[0.5140966773033142, -0.15927846729755402, 0.0304831825196743]","[-0.1580449938774109, -0.17790961265563965, 0.05531191825866699, 0.31971800327301025]",False,"[0.6000000238418579, 0.019999999552965164, 0.029999999329447746]","[[0.640033483505249, 0.04588371142745018, 0.11254672706127167, 0.08000104129314423, 0.5140966773033142, -0.15927846729755402, 0.0304831825196743, 0.07703999429941177, -0.054029591381549835, -0.0746290311217308]]","[-0.04701638221740723, -0.2716001570224762, 0.0658072754740715, 0.007418030872941017, 0.04336594417691231, 0.02433951199054718]","[1, 1]",64.884381683,-0.198797345161438,1,10,1745577602.918492,4
11,"[0.513897716999054, -0.15981286764144897, 0.029002772644162178]","[-0.484516978263855, -0.9172200560569763, 0.33535826206207275, 0.6290320158004761]",False,"[0.6000000238418579, 0.019999999552965164, 0.029999999329447746]","[[0.615531325340271, 0.00030372972832992673, 0.12849172949790955, 0.08000104129314423, 0.513897716999054, -0.15981286764144897, 0.029002772644162178, 0.0773557499051094, -0.057723648846149445, -0.07394102960824966]]","[-0.16950374841690063, -0.43468910455703735, 0.09750986099243164, 0.049527063965797424, 0.08715381473302841, 0.11315466463565826]","[1, 1]",68.529828867,-0.19936716556549072,1,11,1745577607.5262868,5
12,"[0.5141192674636841, -0.15738223493099213, 0.031682610511779785]","[-0.7033412456512451, -0.9791973233222961, 0.17814934253692627, 0.5842617750167847]",False,"[0.6000000238418579, 0.019999999552965164, 0.029999999329447746]","[[0.5801443457603455, -0.048364266753196716, 0.13668495416641235, 0.0800003856420517, 0.5141192674636841, -0.15738223493099213, 0.031682610511779785, 0.08305422961711884, -0.05855744332075119, -0.07048368453979492]]","[-0.12988898158073425, -0.2823026180267334, 0.2830963730812073, 0.18995575606822968, 0.13599126040935516, 0.18168990314006805]","[1, 1]",71.856835788,-0.19708573818206787,1,12,1745577611.1717088,6
13,"[0.5144755244255066, -0.1569695770740509, 0.03128375858068466]","[-0.8451057076454163, -0.9874300956726074, -0.4086589217185974, 0.7468626499176025]",False,"[0.6000000238418579, 0.019999999552965164, 0.029999999329447746]","[[0.5377211570739746, -0.09746652841567993, 0.11573351174592972, 0.0800003856420517, 0.5144755244255066, -0.1569695770740509, 0.03128375858068466, 0.08157943934202194, -0.055707141757011414, -0.07502904534339905]]","[0.005071781575679779, -0.23606669902801514, 0.1402345895767212, 0.19658014178276062, 0.031411368399858475, 0.14463679492473602]","[1, 1]",75.60609731,-0.19655613601207733,1,13,1745577614.4987211,7
14,"[0.5143136382102966, -0.15700367093086243, 0.031529251486063004]","[-0.7255713939666748, -0.9753807783126831, -0.7506154775619507, 0.7099194526672363]",False,"[0.6000000238418579, 0.019999999552965164, 0.029999999329447746]","[[0.501537561416626, -0.14600491523742676, 0.07823210209608078, 0.0800003856420517, 0.5143136382102966, -0.15700367093086243, 0.031529251486063004, 0.082008495926857, -0.05827147513628006, -0.0737270712852478]]","[0.11063650995492935, -0.1307470053434372, 0.06012614816427231, 0.20370151102542877, -0.0728098452091217, 0.4171215891838074]","[1, 1]",79.401661572,-0.19665907323360443,1,14,1745577618.2478955,8
15,"[0.5147250294685364, -0.15895392000675201, 0.030532319098711014]","[0.5375579595565796, -0.6271452307701111, -0.9486645460128784, 0.22319841384887695]",False,"[0.6000000238418579, 0.019999999552965164, 0.029999999329447746]","[[0.5282772779464722, -0.17688453197479248, 0.030709093436598778, 0.08000104129314423, 0.5147250294685364, -0.15895392000675201, 0.030532319098711014, 0.09557265043258667, -0.07454227656126022, -0.06495809555053711]]","[0.0062589142471551895, 0.08133520185947418, -0.12333432585000992, -0.10980669409036636, -0.08937640488147736, 0.17819781601428986]","[1, 1]",83.41679656,-0.1982337236404419,1,15,1745577622.0432012,9
16,"[0.515447199344635, -0.16723176836967468, 0.031499892473220825]","[0.4424492120742798, 0.9497562646865845, 0.7550512552261353, -0.6156045198440552]",False,"[0.6000000238418579, 0.019999999552965164, 0.029999999329447746]","[[0.549691379070282, -0.12939409911632538, 0.06746362149715424, 0.06400135904550552, 0.515447199344635, -0.16723176836967468, 0.031499892473220825, 0.0768074169754982, -0.05431627854704857, -0.05098528042435646]]","[0.07096375524997711, -0.037137433886528015, 0.18343952298164368, -0.1184442862868309, -0.37304550409317017, -0.15211619436740875]","[1, 1]",90.033642282,-0.20544381439685822,1,16,1745577626.0585504,10
17,"[0.5367336869239807, -0.12842556834220886, 0.06689111888408661]","[0.4424492120742798, 0.9497562646865845, 0.7550512552261353, -0.6156045198440552]",True,"[0.6000000238418579, 0.019999999552965164, 0.029999999329447746]","[[0.5996334552764893, 0.019763950258493423, 0.059677183628082275, 0.07877504825592041, 0.5367336869239807, -0.12842556834220886, 0.06689111888408661, 0.09313320368528366, -0.06318443268537521, -0.02203328162431717]]","[0.08664887398481369, 0.08452142775058746, 0.27406546473503113, -0.19004060328006744, -0.4614384174346924, -0.11307629942893982]","[1, 1]",90.037728799,-0.16551052033901215,1,17,1745577632.6755385,11
0,"[0.5464098453521729, -0.09818723052740097, 0.030646685510873795]","[-0.33599138259887695, -0.305098295211792, -0.2156931757926941, 0.4755387306213379]",False,"[0.6000000238418579, 0.019999999552965164, 0.029999999329447746]","[[0.6211734414100647, -0.01545041799545288, 0.18632204830646515, 0.0799938216805458, 0.5464098453521729, -0.09818723052740097, 0.030646685510873795, 0.08888237923383713, -0.06983505189418793, 0.046658292412757874]]","[0.18347501754760742, -0.03982621431350708, 0.3333185017108917, 0.17492523789405823, 0.23417234420776367, 0.16286435723304749]","[1, 1]",23.601018954,-0.1297711282968521,0,0,1745668871.5052505,0
1,"[0.5462522506713867, -0.09829198569059372, 0.0305341724306345]","[-0.7436428070068359, -0.8607553839683533, -0.9804660081863403, 0.6757793426513672]",False,"[0.6000000238418579, 0.019999999552965164, 0.029999999329447746]","[[0.5838252902030945, -0.05825668200850487, 0.13687193393707275, 0.0799957886338234, 0.5462522506713867, -0.09829198569059372, 0.0305341724306345, 0.08875907212495804, -0.06958077847957611, 0.047858841717243195]]","[0.1346718668937683, 0.3717411756515503, 0.008901774883270264, 0.0012589823454618454, 0.1236441433429718, 0.06323237717151642]","[1, 1]",27.156307283,-0.12993113696575165,0,1,1745668875.1862097,1
2,"[0.5469990968704224, -0.09548158943653107, 0.03142590448260307]","[-0.25159966945648193, -0.7809579968452454, -0.9822418093681335, 0.7998967170715332]",False,"[0.6000000238418579, 0.019999999552965164, 0.029999999329447746]","[[0.5712538361549377, -0.09703035652637482, 0.0877014696598053, 0.0799957886338234, 0.5469990968704224, -0.09548158943653107, 0.03142590448260307, 0.08386778086423874, -0.06639177352190018, 0.04193754494190216]]","[0.09116654843091965, 0.16830648481845856, -0.02983466535806656, -0.035386838018894196, 0.06726375222206116, -0.014204028062522411]","[1, 1]",30.488132091,-0.127071350812912,0,2,1745668878.74152,2
3,"[0.5464168190956116, -0.0978488177061081, 0.030565092340111732]","[-0.08843058347702026, 0.24585258960723877, -0.9210293292999268, 0.44133830070495605]",False,"[0.6000000238418579, 0.019999999552965164, 0.029999999329447746]","[[0.5668574571609497, -0.08505222201347351, 0.04183785989880562, 0.07999709993600845, 0.5464168190956116, -0.0978488177061081, 0.030565092340111732, 0.08841649442911148, -0.0706145390868187, 0.04755977541208267]]","[0.32284602522850037, -0.026497885584831238, -0.0043584853410720825, 0.1590428203344345, -0.11212468147277832, -0.09889443218708038]","[1, 1]",34.176082659,-0.12945972383022308,0,3,1745668882.0733669,3
4,"[0.5439679026603699, -0.08729925751686096, 0.031499460339546204]","[0.09600424766540527, 0.9180350303649902, 0.5121572017669678, -0.5593307018280029]",False,"[0.6000000238418579, 0.019999999552965164, 0.029999999329447746]","[[0.5712152719497681, -0.03933298960328102, 0.0667250007390976, 0.07000132650136948, 0.5439679026603699, -0.08729925751686096, 0.031499460339546204, 0.07637476921081543, -0.06374535709619522, -0.024591051042079926]]","[0.16043373942375183, 0.05120593309402466, 0.3288707137107849, 0.2134324461221695, -0.407635360956192, -0.3412593603134155]","[1, 1]",37.780844167,-0.12105773389339447,0,4,1745668885.7613332,4
5,"[0.5447597503662109, -0.05882032960653305, 0.031698279082775116]","[0.09600424766540527, 0.9180350303649902, 0.5121572017669678, -0.5593307018280029]",True,"[0.6000000238418579, 0.019999999552965164, 0.029999999329447746]","[[0.599716067314148, 0.019695045426487923, 0.059792410582304, 0.07940807193517685, 0.5447597503662109, -0.05882032960653305, 0.031698279082775116, 0.09111320227384567, -0.07001500576734543, 0.04764586687088013]]","[0.14968262612819672, 0.04457487165927887, 0.3014258146286011, 0.1438339650630951, -0.4187536835670471, -0.296352744102478]","[1, 1]",48.452358774,-0.09626533091068268,0,5,1745668889.3660452,5
6,"[0.5447008609771729, -0.058935169130563736, 0.032152555882930756]","[-0.7242075204849243, -0.20633405447006226, -0.8530343770980835, 0.14970433712005615]",False,"[0.6000000238418579, 0.019999999552965164, 0.029999999329447746]","[[0.6017425060272217, -0.009699488058686256, 0.1543944776058197, 0.03008321300148964, 0.5447008609771729, -0.058935169130563736, 0.032152555882930756, 0.09007929265499115, -0.06801372021436691, 0.047491077333688736]]","[0.19423863291740417, 0.16301585733890533, 0.08454515039920807, 0.12205404043197632, 0.17535175383090973, 0.1130148321390152]","[1, 1]",53.700019451,-0.09640222787857056,1,6,1745668900.037588,0
7,"[0.5448284149169922, -0.0585712268948555, 0.03290919214487076]","[-0.5117102861404419, -0.7118020057678223, -0.9588133096694946, 0.7737064361572266]",False,"[0.6000000238418579, 0.019999999552965164, 0.029999999329447746]","[[0.5761257410049438, -0.04502760246396065, 0.1064496785402298, 0.0799938216805458, 0.5448284149169922, -0.0585712268948555, 0.03290919214487076, 0.08671680092811584, -0.06587620824575424, 0.04712308943271637]]","[0.0893368273973465, 0.20792610943317413, -0.08131366223096848, -0.02093450166285038, 0.07051628082990646, -0.004853731021285057]","[1, 1]",57.280549447,-0.09605105221271515,1,7,1745668905.2852342,1
8,"[0.5449389219284058, -0.05803268402814865, 0.031053602695465088]","[-0.252590537071228, -0.5163573026657104, -0.9719146490097046, 0.6392635107040405]",False,"[0.6000000238418579, 0.019999999552965164, 0.029999999329447746]","[[0.5635450482368469, -0.0706505998969078, 0.057935964316129684, 0.0799957886338234, 0.5449389219284058, -0.05803268402814865, 0.031053602695465088, 0.08909972012042999, -0.06878320872783661, 0.04535369947552681]]","[0.09714962542057037, 0.1407318264245987, -0.05348880589008331, 0.009905366227030754, 0.05606513470411301, -0.017093831673264503]","[1, 1]",63.371754955,-0.09550880640745163,1,8,1745668908.865766,2
9,"[0.543945848941803, -0.061574794352054596, 0.030445551499724388]","[0.654289960861206, 0.8410263061523438, 0.426098108291626, -0.625550389289856]",False,"[0.6000000238418579, 0.019999999552965164, 0.029999999329447746]","[[0.5959444046020508, -0.028816184028983116, 0.07898474484682083, 9.652999870013446e-05, 0.543945848941803, -0.061574794352054596, 0.030445551499724388, 0.09387481957674026, -0.07563567161560059, 0.057009752839803696]]","[0.11376120895147324, 0.08341391384601593, 0.3481517434120178, 0.10475189238786697, -0.3189789056777954, -0.38943570852279663]","[1, 1]",69.23598733,-0.09897834807634354,1,9,1745668914.9569674,3
10,"[0.5444734692573547, -0.05905136466026306, 0.031613051891326904]","[-0.7825044393539429, -0.577088475227356, -0.5414727330207825, 0.6299842596054077]",False,"[0.6000000238418579, 0.019999999552965164, 0.029999999329447746]","[[0.5567672252655029, -0.05745336040854454, 0.05180282145738602, 0.07999447733163834, 0.5444734692573547, -0.05905136466026306, 0.031613051891326904, 0.08963704109191895, -0.0681496113538742, 0.047526586800813675]]","[-0.06702590733766556, -0.0076240599155426025, 0.06516502797603607, 0.07850871980190277, 0.1474686861038208, 0.11270852386951447]","[1, 1]",74.079557533,-0.09661737084388733,1,10,1745668920.8212104,4
11,"[0.5434181690216064, -0.06203722581267357, 0.030057042837142944]","[0.71598219871521, 0.9055392742156982, 0.41890716552734375, -0.717810869216919]",False,"[0.6000000238418579, 0.019999999552965164, 0.029999999329447746]","[[0.5922805070877075, -0.012368039228022099, 0.07258298248052597, 0.070001982152462, 0.5434181690216064, -0.06203722581267357, 0.030057042837142944, 0.09180574119091034, -0.07711281627416611, 0.05949889495968819]]","[-0.05500877648591995, 0.030606627464294434, 0.18752163648605347, 0.043069399893283844, -0.4759477972984314, 0.20898808538913727]","[1, 1]",76.892838955,-0.09965748339891434,1,11,1745668925.6647906,5
12,"[0.5452662110328674, -0.04959762841463089, 0.031632620841264725]","[0.71598219871521, 0.9055392742156982, 0.41890716552734375, -0.717810869216919]",True,"[0.6000000238418579, 0.019999999552965164, 0.029999999329447746]","[[0.5996056795120239, 0.019734201952815056, 0.0597391314804554, 0.07952693104743958, 0.5452662110328674, -0.04959762841463089, 0.031632620841264725, 0.08318940550088882, -0.06990804523229599, 0.03521222248673439]]","[0.1502486765384674, -0.028101608157157898, 0.1818820834159851, -0.10909458249807358, -0.48930054903030396, -0.18518902361392975]","[1, 1]",76.895473879,-0.08855666220188141,1,12,1745668928.4780717,6
